scenario,ticker,shock_return,bank_name,weight,portfolio_return_contribution,dollar_pnl_contribution
Broad Bank Selloff,BMO.TO,-0.1,Bank of Montreal,0.16666666666666666,-0.016666666666666666,-16666.666666666668
Broad Bank Selloff,BNS.TO,-0.1,Bank of Nova Scotia,0.16666666666666666,-0.016666666666666666,-16666.666666666668
Broad Bank Selloff,CM.TO,-0.1,Canadian Imperial Bank of Commerce,0.16666666666666666,-0.016666666666666666,-16666.666666666668
Broad Bank Selloff,NA.TO,-0.1,National Bank of Canada,0.16666666666666666,-0.016666666666666666,-16666.666666666668
Broad Bank Selloff,RY.TO,-0.1,Royal Bank of Canada,0.16666666666666666,-0.016666666666666666,-16666.666666666668
Broad Bank Selloff,TD.TO,-0.1,Toronto-Dominion Bank,0.16666666666666666,-0.016666666666666666,-16666.666666666668
Recession and Credit Stress,BMO.TO,-0.11,Bank of Montreal,0.16666666666666666,-0.018333333333333333,-18333.333333333332
Recession and Credit Stress,BNS.TO,-0.16,Bank of Nova Scotia,0.16666666666666666,-0.026666666666666665,-26666.666666666664
Recession and Credit Stress,CM.TO,-0.13,Canadian Imperial Bank of Commerce,0.16666666666666666,-0.021666666666666667,-21666.666666666668
Recession and Credit Stress,NA.TO,-0.1,National Bank of Canada,0.16666666666666666,-0.016666666666666666,-16666.666666666668
Recession and Credit Stress,RY.TO,-0.12,Royal Bank of Canada,0.16666666666666666,-0.019999999999999997,-19999.999999999996
Recession and Credit Stress,TD.TO,-0.14,Toronto-Dominion Bank,0.16666666666666666,-0.023333333333333334,-23333.333333333336
Severe Systemic Bank Shock,BMO.TO,-0.2,Bank of Montreal,0.16666666666666666,-0.03333333333333333,-33333.333333333336
Severe Systemic Bank Shock,BNS.TO,-0.2,Bank of Nova Scotia,0.16666666666666666,-0.03333333333333333,-33333.333333333336
Severe Systemic Bank Shock,CM.TO,-0.2,Canadian Imperial Bank of Commerce,0.16666666666666666,-0.03333333333333333,-33333.333333333336
Severe Systemic Bank Shock,NA.TO,-0.2,National Bank of Canada,0.16666666666666666,-0.03333333333333333,-33333.333333333336
Severe Systemic Bank Shock,RY.TO,-0.2,Royal Bank of Canada,0.16666666666666666,-0.03333333333333333,-33333.333333333336
Severe Systemic Bank Shock,TD.TO,-0.2,Toronto-Dominion Bank,0.16666666666666666,-0.03333333333333333,-33333.333333333336
