date,portfolio_simple_return,portfolio_pnl
2020-03-12,-0.13435474785949877,-134354.74785949878
2020-03-09,-0.11843846161163316,-118438.46161163316
2020-03-16,-0.10902342217104742,-109023.42217104742
2020-03-23,-0.08175804783262533,-81758.04783262534
2020-03-18,-0.0638513139433538,-63851.3139433538
2020-03-27,-0.05306103580262786,-53061.03580262786
2020-04-01,-0.04932815067935129,-49328.15067935129
2020-06-11,-0.04191612370110864,-41916.12370110864
2020-04-21,-0.040563656391668125,-40563.656391668126
2020-05-13,-0.03980220951699303,-39802.20951699303
